English,Huttese,,,,
Hello,Achuta ,,,,
"Hello, my name is ______","Achute, my pee kasa ______ ",,,,
Who are you?,Ah'chu apenkee?,,,,
Welcome,Chowbaso or Chobaso ,,,,
What?,Choy? ,,,,
Hey you!,Chuba! ,,,,
Greetings,Chut chut ,,,,
I am a friend!,Dolpee kikyuna! ,,,,
Good day to you!,Gooddé da lodia! ,,,,
Greetings.,H'chu apenkee ,,,,
What do you want?,Hi chuba da naga? ,,,,
What are you doing here?,Kee chai chai cun kuta? ,,,,
What do you do?,Waki mallya kuna chu chu? ,,,,
Going somewhere?,Koona t'chuta?,,,,
Goodbye,Mee jewz ku ,,,,
"Please, come in!","Niuta, be cotma! ",,,,
Are you talking about me?,Sie batha ne beechee? ,,,,
Late,Alay ,,,,
And,An ,,,,
Another,Andoba ,,,,
Now,Ateema ,,,,
Dangerous,Azalus ,,,,
Bother,Baatu baatu ,,,,
Bargain,Bargon ,,,,
Back,Bata ,,,,
To buy,Bedwana ,,,,
Strained,Binggona ,,,,
To go,Bolla ,,,,
Looking,bosco ,,,,
Let's go,Boska ,,,,
Move,Bsha ,,,,
The,Bu ,,,,
To bet,Buttmalia ,,,,
Champion,Champio ,,,,
For,Che ,,,,
Price,Che copah ,,,,
To cheat,Cheeska ,,,,
Junk,Chizk ,,,,
Be careful,Chess ko ,,,,
Crispy,Creespa ,,,,
that,Da ,,,,
Greetings!,Da chuda! ,,,,
Waking Planet,Da Soocha ,,,,
Imperial cruiser,D'emperiolo teesaw ,,,,
To sell,Dwana ,,,,
Okay,Eniki ,,,,
Very good,Grancha ,,,,
What,Haku ,,,,
Them,Hoohah ,,,,
Naptime,Hunka be ,,,,
Incredible!,Inkabunga! ,,,,
I,Jee ,,,,
We,Jee-jee ,,,,
When,Joppay ,,,,
To kidnap,Jujuminmee ,,,,
How,Kava ,,,,
To kill,Killee ,,,,
My boy,Mah bukee ,,,,
I,Mi ,,,,
I'm looking for…,Mi bosco de… ,,,,
I'm hungry,Mi chuga ,,,,
I'm thirsty,Mi yarga ,,,,
To steal,Moocha ,,,,
Lover,Muni ,,,,
Glorious Jewel,Nal Hutta ,,,,
Joke,Na yoka ,,,,
To die,Nee choo ,,,,
Contract,Nibobo ,,,,
"Whatever it is, I didn’t do it.",No bata tu tu. ,,,,
"No, not that one—that one!","No chuba da wanga, da wanga! ",,,,
No,Nobata ,,,,
Forward march.,Nudd chaa. ,,,,
To enjoy,Panwa ,,,,
Activate,Rundee ,,,,
 Silly,Silly ,,,,
burnout; exhaust,Skocha ,,,,
To drool,Sleemo poy ,,,,
Yes,Tagwa ,,,,
Time,Tee-tocky ,,,,
You,Uba ,,,,
I love you,Uma ji muna ,,,,
To pay,Wamma ,,,,
Here,Wata ,,,,
To sleep,Winkee ,,,,
To move,Yatuka ,,,,
First class,Yuna puna ,,,,
Last fool,Beesga ,,,,
Stupid little princess,Beeogola Nechaska ,,,,
"Don't count on it, slimeball!","Cha skrunee da pat, Sleemo ",,,,
better watch out,Cheespa bo coopa ,,,,
"You low-down, two-faced scum","Chuba doompa, dopa-maskey kung! ",,,,
Never mind,Chut chut ,,,,
You weak-minded fool.,Coo ya maya stupa. ,,,,
Double-crossing,Dopa meekie or dopa-meekie ,,,,
Two-faced,Dopa maskey ,,,,
"Do you feel lucky, punk?","Dopo mee gusha, peedunkey? ",,,,
Poison,Fierfek ,,,,
Worm-eating liar,Gaggalak mursto ,,,,
derogatory modifier,Karking ,,,,
You're an Imperial fool,Kava doompa D'emperiolo stoopa. ,,Out of my way,,
You bother me,Kee baatu baatu. ,,,,
shoot; darn,Keepuna ,,,,
Idiot,Koochoo ,,,,
Scum,Kung ,,,,
Crazy,Loca ,,,,
Not bad,Nagoola ,,s favorite expression,,
Let them marvel at our splendor,Ohta su marvalic plesodoro ,,,,
Punk,Peedunky ,,,,
Too bad,Peetch goola ,,fodder,,
Crap,Poodoo ,,,,
"Watch out, exhaust-for-brains!!!",Pushee wumpah skocha-kloonkee!!! ,,,,
shut it,Schutta ,,,,
Slimeball,Sleemo ,,,,
Burnout scum,Skocha kung ,,,,
Stupid,Stoopa ,,,,
Sweetie pie,Sweets patogga ,,,,
You’ll end up womp rat food,Tah-koh tee womp rat e’nachu ,,,,
You are my kind of scum.,U kulle rah doe kankee kung ,,,,
Cowardly,Wakamancha ,,,,
Backstage,Backa ,,,,
Boy,Bukee or Peedunkee ,,,,
Woman,Cheeka ,,,,
Dancing girl,Chik youngee ,,,,
Duros,Duro ,,,,
Jedi,Jeedai ,,,,
The leader of a Hutt clan,Kajidii ,,,,
Queen,Kwee-Kunee ,,Master, ,
Boss,Lorda ,,,,
My lord,Ma lorda ,,,,
Everybody,Mikiyuna ,,,,
Bounty hunter,Murishani ,,,,
Outlander/Outworlder,Ootman/Ootmian ,,,,
Friend,Pateessa ,,,,
Systems consultant,Poolyee yama ,,,,
Slave,Shag ,,,,
Smuggler,Ulwan ,,,,
Uncle,Ur-Damin ,,,,
Nephew,Ur-Damo ,,,,
Stupid person,Wermo ,,,,
Wookiee,Wooky ,,,,
Music band,Banda ,,,,
Rot in Boboqueequee!,Boboqueequee A location in Hutt mythology; a common Huttese imprecation was ,,,,
Garden(s,Bootana ,,,,
Palace,Bunko ,,,,
Home,Bunky dunko ,,,,
Space,Doma toma ,,s,,
Hutt Chuba's,Hutt Chuba'z,,,,
Motel Nebulus,Motai Nebuli ,,,,
Glorious Jewel,Nal Hutta ,,,,
Planet,Planeeto ,,blaster,,
Weapon,Blastoh ,,,,
Engines,Bota ,,,,
Droid,Droi ,,,,
Ship,Dyst ,,,,
Food,E'nachu,,hex,", or ",curse
Poison,Fierfek ,,,,
Ransom,Gopptula ,,,,
A Hutt clan/criminal syndicate,Kajidic ,,,,
Payoff,Makacheesa ,,,,
Money,Moulee-rah ,,,,
Spaceship,Pankpa ,,,,
Power,Pawa ,,,,
Weapon(s,Rulya ,,,,
Sail barge,See'ybark ,,,,
Death Watch,Stuka Crispo ,,counter,,
Counter,Tusawa ,,,,
Gun,Wanga ,,,,
Message,Wankee ,,deal,,
Bargain,Bargon ,,,,
To buy,Bedwanna ,,,,
Price,Che copah ,,,,
I'm not going to pay that!,Ees hoppada nopa! ,,,,
May I have a receipt?,Geeb mi wa chimpa? ,,,,
What's your final offer?,Hi chunkee fa goota? ,,,,
How much for that item?,Kava che copah? ,,,,
Is that authentic?,Laboda na rowka? ,,,,
I've got the credits.,Ting cooing koo soo ah. ,,You owe me!,,
Are you going to pay (for that,U wamma wonka? ,,,,
Does that come with a warranty?,Va foppa gee wontahumpa? ,,,,
XXX's through with you.,______ harl tish ding. ,,,,
XXX's put a price on your head so large every bounty hunter in the galaxy will be looking for you.,______ wah ning chee kosthpa murishani tytung ye wanya yoskah. ,,Your services will be rewarded., ,
You will be rewarded.,Bargon u noa-a-uyat. ,,,,
There will be no deal.,Bargon wan chee kospah. ,,,,
You're the best.,Bargon yanah coto da eetha. ,,,,
The payment is in the HoloNet.,Beeska mu-moolee bu Halapu. ,,,,
You're in trouble now.,Bona nai kachu. ,,,,
Don't count on it.,Cha skrunee da pat. ,,,,
I'm lucky I found you first.,Chas kee nyowkee koo chooskoo. ,,,,
What took you so long?,Coona tee-tocky malia? ,,,,
I am a systems consultant.,Dobra do poolyee yama. ,,,,
I am a vice president and systems consultant for personnel development and management systems.,Dobra do nupee nupee um baw wah du poolyee yama. ,,t be able to go near a civilized system.,,
"But if you fail me again, I","Ee yaba ma dooki massa. Eeth wong che coh pa na-geen, nah meeto toe bunky dunko. Lo choda! ",,,,
He may only take your ship.,Goo paknee ata pankpa. ,,,,
You disappoint me,Keel-ee calleya ku kah. ,,,,
"If you give it to me, I might forget I found you.",Keh lee chalya chulkah in ting cooing koosooah. ,,,,
You can tell that to ,Klop ______ poo pah. ,,,,
I will get back to you on that one.,La pim nallya so bata de wompa. ,,,,
"Okay, 15%.",Luto eetheen. ,,,,
You should have paid him when you had the chance.,Mala tram pee chock makacheesa. ,,,,
I can't make exceptions.,Make-cheesay. ,,,,
My droids will talk to your droids.,Mwa droida bunno bunna droida. ,,,,
ya cu kuna ku chu chu. ,Noolee moolee bana kee cheel,,What if everyone who smuggled for me dropped their cargo at the first sign of an imperial starship?,,
sa tah ono caulky malia. Ee youngee d,Pa,,,,
Smile when you say that.,Smeeleeya whao toupee upee. ,,,,
"So, for an extra 20%...","See fah luto twentee, ee yaba... ",,,,
It's too late.,Soong peetch alay. ,,,,
He has no time for smugglers who drop their shipment at the first sign of an Imperial cruiser.,Song kul rul yay pul-yaya ulwan spastika kushunkoo oponowa tweepi. ,,,,
You said you would be coming alone.,Uba sanuba charra mon. ,,,,
That's the idea.,Uth laynuma. ,,,,
When can I expect payment?,Wa wanna coe moulee rah? ,,,,
Why haven't you paid me?,Wanta dah moolee-rah? or Wanta wonka-rah dah? ,,,,
And why did you fry poor ,Wonkee chee sa kreespa ______? ,,,,
It's not good business.,Yanee dah poo noo. ,,,,
Don't shoot!,Ap-xmasi keepuna! ,,blaster,,
Weapon,Blastoh ,,,,
You're in trouble now.,Bona nai kachu. ,,,,
Have you now.,Boonowa tweepi. ,,,,
Are there good drinks on board?,Cheska lopey x'hoo pumba? ,,,,
I've been looking forward to this for a long time.,"Chespo kutata kreesta krenko, nyakoska! ",,,,
The last fool who called me that got his antennae stuffed down his throat.,Da beesga coo palyeeya pityee bo tenya go kaka juju hoopa. ,,,,
Back up against the bar,Do bata gee mwaa tusawa! ,,,,
Don't go for that weapon.,Hagwa boska blastoh! ,,,,
Don't move!,Hagwa doopee. ,,,,
Come out of there!,Hay lapa no ya! ,,,,
Kill me and ten more will rise in my place.,Je killya um pasa doe beeska wumpa. ,,,,
Keep your suction cups where I can see them.,Jeeska da sookee koopa moe nanya. ,,,,
You're gonna fry!,Kako Kreespa! ,,,,
Hands up.,Kapa tonka. ,,,,
You're a low-down Imperial fool.,Kava doompa D'emperiolo stoopa. ,,,,
Drop your weapon.,Kee hasa do blastoh. ,,,,
Shoot!,Keepuna! ,,,,
Don't anybody move or the Wookiee here will tie your legs into a taut-line hitch!,Kickeeyuna mo Wooky doo tee puna puna! ,,,,
"Everybody, hands off your weapons and back up against the bar!",Mikiyuna! Pasta mo rulya! Do bata gee mwaa tusawa! ,,,,
Turn around real slowly.,Moova dee boonkee ree slagwa. ,,,,
Hands off your weapons!,Pasta mo rulya! ,,,,
Tentacles up!,Tonta tonka. ,,,,
Have you brought it?,Waajo koosoro? ,,,,
Huttese ale,Boga noga ,,,,
Do you offer vegetarian cuisine?,Cheska yo ho kimbabaloomba? ,,,,
Does this cause brain damage?,Dopa na rocka rocka? ,,,,
Huttese alcoholic beverage,Gardulla (drink,,,,
Wine,Gocola ,,,,
Hot chubas,Hotsa Chuba ,,,,
Burp,Howdunga ,,,,
Braised fork tarts,Jimunee Ronto Pagona ,,,,
Strained keebadas,Keebadas Binggona ,,,,
Dessert,Lickmoomoo ,,,,
Mubasa hock,Mubasa Hok ,,,,
Is this freshly dead?,Ne ompee doe gaga punta? ,,,,
Pie,Patogga ,,,,
Sand gizzars,Sando G'dizzards ,,,,
Scurrier tips,Scuzzi Spits ,,,,
Drool,Sleemo Poy ,,,,
Snack,Smak Telia ,,,,
Is there a smoking section?,Tee ava un puffee lumpa? ,,,,
Cake,Waffmula ,,,,
Meal,Yafullkee ,,,,
Drink,Yocola ,,,,
"Another hot towel, please.","Andoba ne lappee, kolka. ",,,,
"An Aduki double, please.","Banya kee fofo Aduki, kolka. ",,,,
They seemed nice to me.,La lova num botaffa ,,,,
hoo pumba? ,Cheska lopey x,,,,
Can I visit the band backstage?,Kavaa kyotopa bu banda backa? ,,,,
Can I visit the dancers backstage?,Kavaa kyotopa bu whirlee backa? ,,,,
Bring her to me.,Koose cheekta nei. ,,,,
Can I upgrade to first class?,Cheesba hataw yuna puna? ,,,,
I want the Hutt-size bed.,Jee oto ta Huttuk koga. ,,,,
I will keep my weapon.,Jee oto vo blastoh. ,,,,
I would like room service.,Jee vopa du mooljee guma. ,,,,
How much is a room for the night?,Kava nopees do bampa woola? ,,,,
I'd like to check in.,Kuna kee wabdah noleeya. ,,,,
I'd like to check out.,Kuna kee wabdah nenoleeya. ,,,,
Will the bill list the title of the holo?,Jeskawa no rupee dee holo woopee? ,,,,
"You'd better go home, fly zool!","To pla da banki danko, jospi! ",,,,
Hello! I am going to Hoth in the greatStar Tours ship.,Achuta! Dobrah koona tah kyotopa Hoth noleeya du Star Tours pankpa. ,,,,
A bet,Buttmalia ,,,,
to race,Chawa ,,,,
Podrace,Choppa chawa ,,,,
I could run faster than your pod,Meecooda joggdu stafa do tah poda ,,,,
"First time racing, rookie fodder?","Noobie oonatee raca, rookie poodoo? ",,,,
To bet,Nu ,,,,
Follow too close and you’ll get cooked.,"Roachee mah bom bom, cheespa kreespa ",,,,
You'll never win.,Ubana Nabuke Wu ,,,,
You need to go back to racing school.,Tah pee-chah ah kulkee flunka ,,,,
Nice crop duster!,Leeah fam doosta! ,,,,
"How's the after blast, pal?",Keelya afda skocha punchee? ,,,,
0,Nobo,,,,
1,Bo,,,,
2,Dopa,,,,
3,Duba,,,,
4,Fwanna,,,,
5,K'wanna,,,,
6,Keeta,,,,
7,Goba,,,,
8,Hunto,,,,
9,Beeska,,,,
10,Boboba,,,,
11,Goboba,,,,
12,Jojoba,,,,
13,Soboba,,,,
14,Koboba,,,,
15,Foboba,,,,
16,Donocha,,,,
17,Honocha,,,,
18,Bohonocha,,,,
19,Dohonocha,,,,
20,Duhonocha,,,,
100,Jujumon,,,,
What do you want? ,Hi chuba da naga? ,,,,
Boy! ,Peedunkee! ,,,,
Get in here!,Cabo de unko! ,,,,
What took you so long? ,Coona tee-tocky malia? ,,,,
I was cleaning the fan switches... ,Mee/Mel tassa cho-passa... ,,,,
Watch the store. I have some selling to do. ,Chut! Chut! Gando doe wallya. Me dwana no bata. ,,,,
Outlanders. ,Outmians. ,,,,
They think we know nothing. ,Tinka me chasa hopoe ma booty na nolia. ,,,,
They seemed nice to me. ,La lova num botaffa. ,,,,
"Clean the racks, then you can go home. ",Fweepa niaga. Tolpa da bunky dunko. ,,,,
Are you gonna pay for that? ,Eh Eh. U wamma wonka? ,,,,
It costs seven wupiupi. ,Toe hawa wupe upee. ,,,,
You! Is this yours? ,Chuba! Ni chuba ni? ,,,,
Careful Sebulba. ,Chess ko Sebulba. ,,,,
He's a big time outlander. ,Cha porkman outman geesa. ,,,,
I'd hate to see you get diced before we race again. ,Mee teesa rodda co pana pee choppa chawa. ,,,,
This one's very well connected. ,Coo wolpa tooney rana. ,,,,
"Next time we race boy, it will be the end of you. ","Neek me chawa, wermo, mo killee ma ka nunkee.  ",,,,
If you weren't a slave I'd squash you right now. ,Otoh noto wo shag du wompity. ,,,,
"Yeah, it'd be a pity if you had to pay for me. ","Eh, che bana do mullee ra. ",,,,
"Your friend is a foolish one, methinks. ",Yo bana pee ho-tah meendee ya. ,,,,
"You're such a joker, Annie. ","Un ni joka, Annie. ",,,,
"Better stop your friend's betting or I'll end up owning him, too. ",Bonapa keesa. Tolpa da bunky na booty cha naga o wanna meete chobodda. ,,,,
Greetings! ,Toogi! Toogi! ,,,,
We have perfect weather today for the Boonta Classic... ,Toong mee cha kulkah du Boonta magi... ,,,,
The most hazardous of all podraces. ,Tah oos azaluz ooval Poddraces. ,,,,
"Yes, there they are! ",La yama beestoo! ,,,,
"The grand champion from Pixelito, Sebulba! ","Da granee champio du Pixelito, Sebulba! ",,,,
"His honor, our glorious host, Jabba the Hutt, has entered the arena. ",O grandio lust Jabba du Hutt amu intoe tah parena. ,,,,
"You won't walk away from this one, slave scum. ",Bazda wahota shag. Dobellia nok. ,,,,
You're bantha poodoo. ,Yoka to bantha poodoo. ,,,,
"Don't count on it, slime ball. ","Cho skrunee dopat, sleemo. ",,,,
You're bantha poodoo. ,Yo can ta bantha poodoo. ,,,,
Welcome. ,Mmmm ok...Spasteelya du oonta Boonta. ,,,,
Begin the race! ,Ya kun boska bolia! ,,,,
The power couplings are being activated. ,Ya pawa culka doe rundee! ,,,,
And they're off! ,An dar ovv! ,,,,
Here comes Sebulba in record time. ,Sebulba! Ka pa me cheespa wata! ,,,,
"?! Que passa, que passa, que passa! Soy mama! Oh no... ",Cooly Cooly,,,,
Oh no! ,Oh noah!  ,,,,
Incredible! ,Inkabunga! ,,,,
They're neck a neck. ,Punda tah punda. ,,,,
Shoulder to shoulder! ,Bongo du bongo! ,,,,
Yes I do.,Tagwa. ,,,,
Better watch it Greedo...,"Cheespa bo coopa Greedo,  ",,,,
or you're going to come to a bad end.,een nagwa co creespa creeta. ,,,,
What do you want?,Hi chuba da nago?  ,,,,
"Boy, get in here! Now!",Peedunkel! Naba dee unko.  ,,,,
What took you so long?,Coona tee-tocky malia?  ,,,,
I was cleaning the bin like you...,Mel tassa cho-passa...  ,,,,
Never mind! Watch the store.,Chut-Chut! Ganda doe wallya.  ,,,,
I've got some selling to do here.,Me dwana no bata.  ,,,,
"Outlanders! They think because we live so far from the center, we don't know nothing.",Ootmians! Tinka me chasa hopoe ma booty na nolia.  ,,,,
They seemed nice to me.,La lova num botaffa.  ,,,,
"Clean the racks, then you can go home.",Fweepa niaga. Tolpa da bunky dunko.  ,,,,
Are you gonna pay for that?,Eh Eh. U wamma wonka?  ,,,,
It costs seven wpiupi.,Toe gawa wupe upee.  ,,,,
You!!,Chuba!!  ,,,,
Is this yours??,Ni chuba na??  ,,,,
"Careful, Sebulba... This one's very well connected.","Chess ko, Sebulba... Coo wolpa tooney rana.  ",,,,
"Connected?? Whada you mean, slave?","Tooney rana nu pratta dunko, shag.  ",,,,
"As in Hutt...big time outlander, this one...I'd hate to see you diced before we race again.  ",Oh da Hutt... cha porko ootman geesa...me teesa rodda co pana pee choppa chawa.  ,,,,
"Next time we race, wermo, it will be the end of you!","Neek me chawa, wermo, mo killee ma klounkee.  ",,,,
"If you weren't a slave, I'd squash you right now.","Una notu wo shag, me wompity du pom pom.  ",,,,
"Yeah, it'd be a pity if you had to pay for me.","Eh, chee bana do mullee ra.  ",,,,
"Your friend is a foolish one, methinks.","Yo bana pee ho-tah, meendee ya.  ",,,,
"You are such a joke, Annie.","Annie, Jesko na joka.  ",,,,
"Better stop your friend's betting, or I'll end up owning him, too.","Bonapa keesa pateeso, o wanna meetee chobodd.  ",,,,
Greetings,Toogi! Toogi!  ,,,,
We have perfect weather today for the Boonta Classic. The most hazardous of all Podraces.,"Toong mee cha kulkah du Boonta magi, tah oos azalus ooval Poddraces.  ",,,,
"Yes, there they are!",La Yama beestoo  ,,,,
And Gasgano in his new Ord Pedrovia.,...eh Gasgano doowa newpa Ord Petrovia!  ,,,,
"On the front line the reigning champion, Sebulba from Pixelito.  By far the favorite today.","Poo tula moosta, woe granee champio Sebulba du Pixelito! Spastyleelya bookie ookie!!  ",,,,
I hope he has better luck this time.,Wampa peedunkee unko  ,,,,
"His Honor, our glorious host, Jabba the Hutt has entered the arena.","O grandio lust, Jabba Du Hutt, amu intoe tah parena.  ",,,,
Welcome!,Chowbaso!  ,,,,
"You won't walk away from this one, slave scum!","Bazda wahota, shag. Dobiellia Nok.  ",,,,
You're Bantha poodoo.,Yoka to Bantha poodoo  ,,,,
"Don't count on it, slime-ball.","Cha skrunee da pat, sleemo.  ",,,,
Let the challenge begin!,...Kaa bazza kundee hodrudda!  ,,,,
The power couplings are being activated.,Ya pawa culka doe rundee!  ,,,,
And they're off!,An dare ovv!  ,,,,
Here comes Sebulba in record time.,Sebulba! Ka pa me cheespa wata!  ,,,,
"Sixth place, not bad.",Steeth pa nagoola!  ,,,,
Ody Mandrell into the pits for some attention.,Ody Mandrell! Coona wa wunda dunko!  ,,,,
Oh no!,Oh noah! ,,,,
Incredible!,Inkabunga!  ,,,,
They're neck n' neck!,Punda tah punda!  ,,,,
Shoulder to shoulder!,Bongo du bongu!  ,,,,
What do you want?,Hi chuba da nago?  ,,,,
"Boy, get in here! Now!",Peedunkel! Naba dee unko.  ,,,,
What took you so long?,Coona tee-tocky malia?  ,,,,
I was cleaning the bin like you...,Mel tassa cho-passa...  ,,,,
Never mind! Watch the store. ,Chut-Chut! Ganda doe wallya.  ,,,,
I've got some selling to do here.,Me dwana no bata.  ,,,,
Outlanders!,Ootmians!  ,,,,
"They think because we live so far from the center, we don't know nothing.",Tinka me chasa hopoe ma booty na nolia.  ,,,,
"Clean the racks, then you can go home.",Fweepa niaga. Tolpa da bunky dunko.  ,,,,
You!!,Chuba!!  ,,,,
Is this yours??,Ni chuba na??  ,,,,
"Careful, Sebulba...This one's very well connected.","Chess ko, Sebulba...Coo wolpa tooney rana.  ",,,,
"Connected?? Whada you mean, slave?","Tooney rana nu pratta dunko, shag.  ",,,,
"As in Hutt...big time outlander, this one...",Oh da Hutt...cha porko ootman geesa...  ,,,,
I'd hate to see you diced before we race again.,me teesa rodda co pana pee choppa chawa.  ,,,,
"Next time we race, wermo, it will be the end of you!","Neek me chawa, wermo, mo killee ma klounkee.  ",,,,
"If you weren't a slave, I'd squash you right now.","Una notu wo shag, me wompity du pom pom.  ",,,,
"Yeah, it'd be a pity if you had to pay for me.","Eh, chee bana do mullee ra.  ",,,,
"Your friend is a foolish one, methinks.",Yo bana pee ho-tah meendee ya.  ,,,,
"You're such a joke, Annie. ","Annie, Jesko na joka.  ",,,,
"Better stop your friend's betting, or I'll end up owning him, too.","Bonapa keesa pateeso, o wanna meetee chobodd.  ",,,,
Greetings,Toogi! Toogi!  ,,,,
We have perfect weather today for the Boonta Classic. The most hazardous of all Podraces.,"Toong mee cha kulkah du Boonta magi, tah oos azalus ooval Poddraces.  ",,,,
"Yes, there they are!",La Yama beestoo  ,,,,
And Gasgano in his new Ord Pedrovia.,...eh Gasgano doowa newpa Ord Petrovia!  ,,,,
"On the front line the reigning champion, Sebulba from Pixelito.","Poo tula moosta, woe granee champio Sebulba du Pixelito!  ",,,,
By far the favorite today.,Spastyleeya bookie ookie!!  ,,,,
I hope he has better luck this time.,Wampa peedunkee unko  ,,,,
"His honor, our glorious host, Jabba the Hutt has entered the arena.","O grandio lust, Jabba Du Hutt, amu intoe tah parena.  ",,,,
Welcome!,Chowbaso!  ,,,,
Sebulba from Pixelito...,Sebulba tuta Pixelito...  ,,,,
"Mawhonic from Hok, Teemto Pagalies from Moonus Mandel, Anakin Skywalker from Tatooine...","Mawhonic tuta Hok, Teemto Pagalies tuta Moonus Mandel, Anakin Skywalker tuta Tatooine...  ",,,,
"You won't walk away from this one, slave scum!","Bazda wahota, shag. Dobiellia Nok.  ",,,,
You're Bantha poodoo.,Yoka to Bantha poodoo.  ,,,,
"Don't count on it, slime-ball.","Cha skrunee da pat, sleemo.  ",,,,
Let the challenge begin!,...Kaa bazza kundee hodrudda!  ,,,,
The power couplings are being activated.,Ya pawa culka doe rundee!  ,,,,
And they're off!,An dare ovv!  ,,,,
Here comes Sebulba in record time.,Sebulba! Ka pa me cheespa wata!  ,,,,
"Sixth place, not bad.",Steeth pa nagoola!  ,,,,
Ody Mandrell into the pits for some attention.,Ody Mandrell! Coona wa wunda dunko!  ,,,,
Oh no!,Oh noah!  ,,,,
Incredible!,Inkabunga!  ,,,,
They're neck n' neck!,Punda tah punda!  ,,,,
Shoulder to shoulder!,Bongo du bongu!  ,,,,
"This time, Gasgano wins! ","Ateema, Gasgano wins! ",,,,
"Out of my way, Sebulba. ",Pushee wumpa Sebulba. ,,,,
Hail to Jabba the Hutt. ,Yavoo to Jabba the Hutt. ,,,,
Hail to Jabba the Hutt. I will win this race for you! ,Yavoo de Jabba Du Hutt? Meeno raca de chupa! ,,,,
Get the pit droid away from my engines! ,Keepo pa peet droid nah bota! ,,,,
"What? Was that the little human, Skywalker? ",Choy! Spateelya peedunkee Skywalker? ,,,,
n/a; probably 'Hey!' or 'Hey you! ,Chuba! ,,,,
n/a; probably 'Come on!' ,Boschka! ,,,,
Nice crop dusters! ,Leeah von doosta! ,,,,
"n/a; probably 'Eat fumes, idiot!' ","In nachu fo mazee, wermo. ",,,,
n/a; probably 'My ronto moves faster than you!' ,Ma ronto zanay stoppa taya. ,,,,
Out of my way --?-- ,Pushee wumpa skocha klunkee. ,,,,
I've seen better parts in a waste dump. ,Me stuka mo gootu parchee cheesa dumpa.  ,,,,
I've seen better in Watto's junkyard. ,Me stuka mo gootu no ma na choky Watto.  ,,,,
"Follow too closely, and you'll get cooked. ","Roachee my bom bom, cheespa crispa.  ",,,,
Looks like Watto cheated you on that part. ,Stuka Watto du cheeta du parchee.  ,,,,
You need to go back to racing school. ,Ba peecha kulkee flunka.  ,,,,
"You'll get real used to my afterburners, friend. ","Ya co coochoo rattee dood motta meh skocha, byees.  ",,,,
My engines are faster than yours! ,Ma bota so grand shado ta bota.  ,,,,
Did Watto charge you for those parts? ,Cheecha Watto chinka bo pachee?  ,,,,
"First time racing, rookie poodoo? ","Newbie woona tee rasa, rookie poodoo?  ",,,,
"Is that your podracer, or are you selling scrapmetal? ",Doyka boada pachee eesa junkie?  ,,,,
You're headed for a burnout pallie. ,"Nocha con gees skocha, punchee.  ",,,,
Look for my podracer when I lap you!,Stuta ma pota pee lotta.  ,,,,
n/a; probably 'I want an incredible battle/contest.' ,Mel wantee wu inkabunga pace. ,,,,
"Our grand host, comes into the arena, Jabba the Hutt!","O grandio lust, amu intoo tah Parena, Jabba du Hutt!  ",,,,
Is this yours?,Ni chuba naa??  ,,,,
"Next time we race, boy, it will be the end of you! ","Neek me chawa, wermo, mo killie ma klounkee!  ",,,,
Your majesty we are under attack.  That female bounty hunter is not  alone. You must get underground now.,Me stronja topa go ma kasee. Da murishani no solo. che nomana da chuba unubunko.  ,,,,
I will not go! I will kill that double crossing woman! ,Keepunga! Mi killie da dopa-meeky cheeka!  ,,,,
But the intruder is Jango Fett!,May jah introdo sa Jango Fett!  ,,,,
Jango Fett! I'll kill him myself.,Jango Fett! Mi killie magoosa.  ,,,,
Is the reward not satisfactory?,Sa jah wah nopa na foonta?  ,,,,
No? What kind of bounty hunter are you? ,Ba? Haku lob murishani a'chu?  ,,,,
You must want something else.,Chuba na non teen.  ,,,,
"You've got guts, Bounty Hunter. I like that. But I'm not in the information business.",Hohohoho...Coos ka murishani.  Jee mo da.  May nopa nata cheen.  ,,,,
Which is?,Coo sa?  ,,,,
I do not deal with such scum!,Jee no hagwa bonta goo!  ,,,,
You find what you seek in Gardulla's vault.,Chuba lonk haku chu locktulla Gardulla.  ,,,,
"I would consider it a favor if you eliminate Gardulla, keeping my name out of it.                                                                               ","Jee nop lockeen da Gardulla, me lona wan concheen.  ",,,,
There is a entrance to the back of her palace.  It's crawling with sandpeople but I'm sure you can handle them.,"Ya sa un coobas tah jah backa tun bunko. La sa consky nolya, may chuba cona chee.  ",,,,
I'm looking forward to Gardulla's death. ,Jee nolata tah da Gardulla neechoo.  ,,,,
Some partner you found bounty hunter. She sold you out to save her own neck.,Neeya pateesay murishani. Che dona chuba che na nek.  ,,,,
Did you know she was a shape-shifter?  Brings a new meaning to the phrase two-faced.,Hahaha...chuba noy che nana shapa-keesay? Branga un newpa peia dopa-maskey.  ,,,,
Think I'll sell her...but...you...have cost me a great deal.,Tinka dwana che...may...chuba...meea grancha moolee-la.  ,,,,
My dragon is hungry. Throw this scum in.,My dragon sa kayfoundo. Koos goo nu ma.  ,,,,
"You killed my guards, destroyed my palace,......what more do you want from me now bounty hunter?","Chuba kee ma gardo, brocktull ma bunko,...... echuba nabata nagow murishani?  ",,,,
That's what this is about!? You came here to steal from me!?,Da wanka!? Chuba konkee du moocha je!?  ,,,,
Vosa!,Vosa! hahaha. Komari Vosa! Moo go loca! Bon na ny ca chu. Nobata.  ,,,,
"The Loyalist Committee has arrived, your Honor.",Mahana jee ba ja huska ba kabu.  ,,,,
Jedi crap,Jedi poodoo!  ,,,,
O.K.,Okey-okey.  ,,,,
"Greetings, Watto.","Chut-chut, Watto.  ",,,,
Let me help you with that.,Ding me chasa hopa.  ,,,,
What?  What do you want?,Kee booda?  Yo bana pee hota?  ,,,,
Wait!  You're a Jedi!,Anjenda!  un Jedi!  ,,,,
"Whatever it is, I didn't do it.",No bata no tutu.  ,,,,
Oye!,Ai!  ,,,,
I'm looking for Shmi Skywalker.,Me boshka de Shmi Skywalker.  ,,,,
"No, not that one - that one!","No chuba da wanga, da wanga!  ",,,,
"Greetings, Watto.","Chut chut, Watto. ",,,,
Let me help you with that.,Ding me chasa hopa.  ,,,,
"Whatever it is, I didn't do it.",No bata tu tu.  ,,,,
I'm looking for Shmi Skywalker.,Mi boska di Shmi Skywalker.  ,,,,
Annie a Jedi.,Annie du Jedi.  ,,,,
You put up a good fight for a Jedi.,Chuba poo cheekta pakoo Jedai.  ,,,,
I like your style.,Jee panway uba stell.  ,,,,
Maybe you should listen to my offer.,Haba uba canya kee chay choba.  ,,,,
I think you’ll like what I have to say.,Jee tinka uba panwa jee settah.  ,,,,
Recently the Republic opened a spaceport outside of Mos Osnoe.,Ohn kone na publiko wata panksta cheesa Mos Osnoe.  ,,,,
"They want a piece of the Outer Rim trade profits to help pay for their little war, hehehe.","Oo ha na bosto moulee-rah po nikee nudcha, hehehe.  ",,,,
You take out that spaceport and you’ll be doing both of us a favor.,Chuba killee ma panksta on oba kochba cheejee.  ,,,,
"After the job is done, I’ll tell you what you want to know.",Chawa bonn na chug jee koh ta neen va hopa.  ,,,,
"Nice work!  Now with the Republic out of the way, maybe we can do a little business together, heh, heh, heh.  ","Gran sha tacha, on bo publika makaneech pooba jeejee pa poonoo weeteebah, heh, heh, heh.  ",,,,
"I have no wish to get mixed up in this outlander war, Jedi.",Jee no waba mu ba outmian nudcha Jedi.  ,,,,
But I have my business to consider.,Il gee hek poonoo ka tinka.  ,,,,
Boorka's gone too far this time.,Boorka pa hopoe de tocky chee.  ,,,,
"He's mixed up with the Confederacy, running credits and supplies through a hidden base out of the desert.",Koochoo hopa teesa me Confeeba loot moulee-rah ulwat ma suns spa.  ,,,,
"Smuggling's one thing, but this is too risky!",Ulwan beya ta too kah eel huba pa na joka.  ,,,,
"Take out their operation with my blessing, Jedi...",Killee hoo ha poonoo me panwa Jedai.  ,,,,
But I can't be seen helping you against a fellow Hutt.,Il gee no killee me footoo Hutt.  ,,,,
"My thanks for eliminating that nuisance for me, Jedi.","Wa ma makacheesa hotshuh poo jee, Jedai.  ",,,,
"Here's a little something for your trouble, heh heh heh.","Wa ta moulee-rah uba kebu tah kak, hehhehheh.  ",,,,
Everything has been arranged precisely as you have requested most illustrious Count Dooku.,Stomma doo ah bona toe do ee ma doe ee ty ty ee ah ma toy ee toy ee Count Dooku.   ,,,,
I trust you will find what you seek.,Hess ta ah stop poo ya shotto moojo see.  ,,,,